insert into public.c_flight_status (id_flight_status, name_flight_status, created, changed, is_deleted)
values  (2, 'Delayed', '2023-02-22 14:29:56.000000', '2023-02-22 14:29:56.000000', false),
        (3, 'Departed', '2023-02-22 14:29:59.000000', '2023-02-22 14:29:59.000000', false),
        (4, 'Arrived', '2023-02-22 14:30:08.000000', '2023-02-22 14:30:08.000000', false),
        (5, 'Scheduled', '2023-02-22 14:30:18.000000', '2023-02-22 14:30:18.000000', false),
        (6, 'Cancelled', '2023-02-22 14:30:58.000000', '2023-02-22 14:30:58.000000', false),
        (1, 'On time', '2023-02-22 14:29:33.000000', '2023-02-22 14:29:33.000000', false);

insert into public.c_plane_types (id_plane_type, plane_type, created, changed, is_deleted)
values  (2, 'Boeing', '2023-02-22 16:35:11.000000', '2023-02-22 16:35:11.000000', false),
        (3, 'Superjet', '2023-02-22 16:36:03.000000', '2023-02-22 16:36:03.000000', false),
        (4, 'Bombardier', '2023-02-22 16:37:22.000000', '2023-02-22 16:37:22.000000', false),
        (5, 'Cessna', '2023-02-22 16:37:33.000000', '2023-02-22 16:37:33.000000', false),
        (6, 'Ilyushin', '2023-02-22 16:37:55.000000', '2023-02-22 16:37:55.000000', false),
        (1, 'Airbus', '2023-02-22 16:34:56.000000', '2023-02-22 16:34:56.000000', false);

insert into public.airports (id_airport, name_airport, city, longitude, latitude, timezone, created, changed, is_deleted, country)
values  (1, 'Minsk National Airport', 'Minsk', 28.05, 53.89, '+3', '2023-02-22 17:21:08.000000', '2023-02-22 17:21:08.000000', false, 'Belarus'),
        (2, 'Moskow Domodedovo Airport', 'Moskow', 37.90245, 55.41031, '+3', '2023-02-22 17:23:56.000000', '2023-02-22 17:23:56.000000', false, 'Russa'),
        (3, 'Sheremetyevo International Airport', 'Moskow', 37.412502, 55.973648, '+3', '2023-02-22 17:25:04.000000', '2023-02-22 17:25:04.000000', false, 'Russa'),
        (4, 'Vnukovo International Airport', 'Moskow', 37.27, 55.6, '+3', '2023-02-22 17:26:24.000000', '2023-02-22 17:26:24.000000', false, 'Russa'),
        (5, 'Doha International Airport', 'Doha', 51.61428, 25.259848, '+3', '2023-02-22 17:30:58.000000', '2023-02-22 17:30:58.000000', false, 'Qatar'),
        (6, 'Batumi International Airport ', 'Batumi', 41.61085, 41.60679, '+4', '2023-02-22 17:32:18.000000', '2023-02-22 17:32:18.000000', false, 'Georgia'),
        (7, 'Tbilisi International Airport', 'Tbilisi', 44.964348, 41.66961, '+4', '2023-02-22 17:33:11.000000', '2023-02-22 17:33:11.000000', false, 'Georgia'),
        (8, 'Istambul Airport', 'Istambul', 28.730032, 41.27679, '+3', '2023-02-22 17:34:09.000000', '2023-02-22 17:34:09.000000', false, 'Turkey'),
        (9, 'Abu Dhabi International Airport', 'Abu Dhabi', 54.6501, 24.4419, '+4', '2023-02-22 17:35:30.000000', '2023-02-22 17:35:30.000000', false, 'United Arab Emirates'),
        (10, 'Ben Gurion Airport', 'Tel-Aviv', 34.87, 32, '+2', '2023-02-22 17:36:13.000000', '2023-02-22 17:36:13.000000', false, 'Israel'),
        (11, 'Paris Charles de Gaulle Airport', 'Paris', 2.550772, 49.00786, '+1', '2023-02-22 17:38:31.000000', '2023-02-22 17:38:31.000000', false, 'France'),
        (12, 'Budapest Airport', 'Budapest', 19.252287, 47.438457, '+1', '2023-02-22 17:40:42.000000', '2023-02-22 17:40:42.000000', false, 'Hungary'),
        (13, 'Cairo West International Airport', 'Cairo', 30.88829, 30.107887, '+2', '2023-02-22 17:43:27.000000', '2023-02-22 17:43:27.000000', false, 'Egypt'),
        (14, 'John F.Kennedy International Airport', 'New-York', -73.785805, 40.64459, '-5', '2023-02-22 17:45:04.000000', '2023-02-22 17:45:04.000000', false, 'United States of America'),
        (15, 'Beijing Daxing International Airport', 'Beijing', 116.41051, 39.509804, '+8', '2023-02-22 17:47:49.000000', '2023-02-22 17:47:49.000000', false, 'China');

insert into public.flights (id_flight, flight_number, id_plane_type, id_departure_airport, id_arrival_airport, departure_time, arrival_time, id_flight_status, created, changed, is_deleted)
values  (21, 'PG0556', 6, 3, 11, '2023-06-23 09:00:00.000000', '2023-06-23 12:00:00.000000', 4, '2023-02-23 17:41:11.000000', '2023-02-23 17:41:11.000000', false),
        (23, 'PG0189', 1, 7, 15, '2023-06-23 09:00:00.000000', '2023-06-23 12:00:00.000000', 1, '2023-02-23 17:41:13.000000', '2023-02-23 17:41:13.000000', false),
        (25, 'PG0145', 1, 2, 8, '2023-06-23 09:00:00.000000', '2023-06-23 12:00:00.000000', 2, '2023-02-23 17:41:10.000000', '2023-02-23 17:41:10.000000', false),
        (24, 'PG0143', 2, 4, 6, '2023-06-23 09:00:00.000000', '2023-06-23 12:00:00.000000', 1, '2023-02-23 17:41:14.000000', '2023-02-23 17:41:14.000000', false),
        (19, 'PG0545', 3, 6, 8, '2023-06-23 09:00:00.000000', '2023-06-23 12:00:00.000000', 3, '2023-02-23 17:41:28.000000', '2023-02-23 17:41:28.000000', false),
        (20, 'PG0544', 5, 2, 5, '2023-06-23 09:00:00.000000', '2023-06-23 12:00:00.000000', 4, '2023-02-23 17:41:29.000000', '2023-02-23 17:41:29.000000', false),
        (22, 'PG0578', 2, 12, 7, '2023-06-23 09:00:00.000000', '2023-06-23 12:00:00.000000', 4, '2023-02-23 17:41:12.000000', '2023-02-23 17:41:12.000000', false),
        (13, 'PG0227', 4, 4, 1, '2023-06-21 09:00:00.000000', '2023-06-21 12:00:00.000000', 4, '2023-02-23 17:41:24.000000', '2023-02-23 17:41:24.000000', false),
        (26, 'PG0220', 1, 2, 3, '2023-06-25 09:00:00.000000', '2023-06-25 12:00:00.000000', 4, '2023-05-07 12:44:14.806765', '2023-05-07 12:44:14.806765', false),
        (6, 'PG0202', 2, 1, 2, '2023-06-20 09:00:00.000000', '2023-06-20 12:00:00.000000', 4, '2023-02-23 17:41:34.000000', '2023-02-23 17:41:34.000000', false),
        (3, 'PG0405', 1, 1, 2, '2023-06-20 09:00:00.000000', '2023-06-20 12:00:00.000000', 4, '2023-02-23 15:02:16.000000', '2023-02-23 15:02:16.000000', false),
        (5, 'PG0407', 2, 2, 1, '2023-06-20 09:00:00.000000', '2023-06-20 12:00:00.000000', 4, '2023-02-23 15:04:35.000000', '2023-02-23 15:04:35.000000', false),
        (9, 'PG0378', 2, 3, 12, '2023-06-20 09:00:00.000000', '2023-06-20 12:00:00.000000', 4, '2023-02-23 17:41:19.000000', '2023-02-23 17:41:19.000000', false),
        (7, 'PG0244', 5, 1, 5, '2023-06-20 09:00:00.000000', '2023-06-20 12:00:00.000000', 4, '2023-02-23 17:41:17.000000', '2023-02-23 17:41:17.000000', false),
        (1, 'PG0222', 3, 3, 1, '2023-06-20 09:00:00.000000', '2023-06-20 12:00:00.000000', 5, '2023-02-23 17:41:15.000000', '2023-02-23 17:41:15.000000', false),
        (8, 'PG0256', 6, 11, 10, '2023-06-20 09:00:00.000000', '2023-06-20 12:00:00.000000', 4, '2023-02-23 17:41:18.000000', '2023-02-23 17:41:18.000000', false),
        (2, 'PG0223', 4, 6, 1, '2023-06-20 09:00:00.000000', '2023-06-20 12:00:00.000000', 4, '2023-02-23 17:41:16.000000', '2023-02-23 17:41:16.000000', false),
        (4, 'PG0406', 1, 5, 2, '2023-06-20 09:00:00.000000', '2023-06-20 12:00:00.000000', 4, '2023-02-23 15:03:25.000000', '2023-02-23 15:03:25.000000', false),
        (10, 'PG0289', 1, 1, 15, '2023-06-21 09:00:00.000000', '2023-06-21 12:00:00.000000', 1, '2023-02-23 17:41:20.000000', '2023-02-23 17:41:20.000000', false),
        (15, 'PG0456', 6, 10, 11, '2023-06-21 09:00:00.000000', '2023-06-21 12:00:00.000000', 4, '2023-02-23 17:41:26.000000', '2023-02-23 17:41:26.000000', false),
        (14, 'PG0344', 5, 1, 5, '2023-06-21 09:00:00.000000', '2023-06-21 12:00:00.000000', 4, '2023-02-23 17:41:25.000000', '2023-02-23 17:41:25.000000', false),
        (18, 'PG0443', 2, 5, 9, '2023-06-21 09:00:00.000000', '2023-06-21 12:00:00.000000', 1, '2023-02-23 17:41:28.000000', '2023-02-23 17:41:28.000000', false),
        (17, 'PG0389', 1, 15, 9, '2023-06-21 09:00:00.000000', '2023-06-21 12:00:00.000000', 1, '2023-02-23 17:41:27.000000', '2023-02-23 17:41:27.000000', false),
        (12, 'PG0345', 3, 8, 6, '2023-06-21 09:00:00.000000', '2023-06-21 12:00:00.000000', 4, '2023-02-23 17:41:22.000000', '2023-02-23 17:41:22.000000', false),
        (11, 'PG0243', 2, 9, 6, '2023-06-21 09:00:00.000000', '2023-06-21 12:00:00.000000', 1, '2023-02-23 17:41:21.000000', '2023-02-23 17:41:21.000000', false),
        (16, 'PG0478', 2, 12, 3, '2023-06-21 09:00:00.000000', '2023-06-21 12:00:00.000000', 6, '2023-02-23 17:41:26.000000', '2023-02-23 17:41:26.000000', false);

insert into public.c_airlines (id_airline, name_airline, code_airline, created, changed, is_deleted)
values  (1, 'Belavia Airlines', 'BRU', '2023-02-22 16:59:32.000000', '2023-02-22 16:59:32.000000', false),
        (2, 'Aeroflot Russian Airlines', 'AFL', '2023-02-22 17:00:35.000000', '2023-02-22 17:00:35.000000', false),
        (3, 'WizzAir', 'WZZ', '2023-02-22 17:01:26.000000', '2023-02-22 17:01:26.000000', false),
        (4, 'Turkish Airlines', 'THY', '2023-02-22 17:02:33.000000', '2023-02-22 17:02:33.000000', false),
        (5, 'S7 Airlines', 'SBI', '2023-02-22 17:03:10.000000', '2023-02-22 17:03:10.000000', false),
        (6, 'Pobeda', 'PBD', '2023-02-22 17:03:33.000000', '2023-02-22 17:03:33.000000', false),
        (7, 'Lufthansa Airlines', 'DLH', '2023-02-22 17:04:12.000000', '2023-02-22 17:04:12.000000', false),
        (8, 'Dragonair', 'HDA', '2023-02-22 17:06:13.000000', '2023-02-22 17:06:13.000000', false),
        (9, 'Qatar Airways', 'QTR', '2023-02-22 17:06:16.000000', '2023-02-22 17:06:16.000000', false),
        (10, 'Emirates Airlines', 'UAE', '2023-02-22 17:07:42.000000', '2023-02-22 17:07:42.000000', true);

insert into public.c_ticket_status (id_ticket_status, name_ticket_status, created, changed, is_deleted)
values  (6, 'Not used', '2023-02-22 14:22:27.000000', '2023-02-22 14:22:27.000000', false),
        (3, 'Paid', '2023-02-22 14:21:18.000000', '2023-02-22 14:21:18.000000', false),
        (5, 'Used', '2023-02-22 14:22:00.000000', '2023-02-22 14:22:00.000000', false),
        (4, 'Refunded', '2023-02-22 14:21:39.000000', '2023-02-22 14:21:39.000000', false),
        (2, 'Booked', '2023-02-22 14:21:01.000000', '2023-02-22 14:21:01.000000', false),
        (1, 'Free', '2023-02-22 14:20:58.000000', '2023-02-22 14:20:58.000000', false);

insert into public.c_ticket_class (id_ticket_class, name_class, created, changed, is_deleted)
values  (2, 'Business class', '2023-02-22 16:53:51.000000', '2023-02-22 16:53:51.000000', false),
        (3, 'First class', '2023-02-22 16:54:24.000000', '2023-02-22 16:54:24.000000', false),
        (1, 'Economy class', '2023-02-22 16:53:31.000000', '2023-02-22 16:53:31.000000', false);

insert into public.passengers (id_pass, full_name, personal_id, miles, created, changed, is_deleted)
values  (13, 'Belaya Anna', '4130577B636PB5', 0, '2023-02-22 23:33:53.000000', '2023-02-22 23:33:53.000000', false),
        (61, 'Blanka Galina', '4200562B123PB9', 0, '2023-02-27 12:12:43.095051', '2023-02-27 12:12:43.095051', false),
        (67, 'Monich Liza', '4110555E580PB4', 0, '2023-02-27 12:22:45.906852', '2023-02-27 12:22:45.906852', false),
        (59, 'Trump Donald', '3140375B735PB6', 0, '2023-02-27 12:10:36.194982', '2023-02-27 12:10:36.194982', false),
        (72, 'Tsarik Sviataslav', '3260994B183PB5', 0, '2023-02-27 12:25:46.348313', '2023-02-27 12:25:46.348313', false),
        (87, 'Sasim Luba', '4210353B577PB6', 0, '2023-02-27 12:40:37.936516', '2023-02-27 12:40:37.936516', false),
        (85, 'Monich Maksim', '3130398B868PB4', 0, '2023-02-27 12:40:08.189072', '2023-02-27 12:40:08.189072', false),
        (89, 'Loi Nadia', '4200631B544PB8', 0, '2023-02-27 12:41:05.776712', '2023-02-27 12:41:05.776712', false),
        (5, 'Adamson Samuel', '3130645B690PB2', 0, '2023-02-22 23:29:14.000000', '2023-02-22 23:29:14.000000', false),
        (6, 'Aldridge Jack', '3180260B146PB6', 0, '2023-02-22 23:29:50.000000', '2023-02-22 23:29:50.000000', false),
        (9, 'Smith Olivia', '4130568B808PB7', 0, '2023-02-22 23:31:01.000000', '2023-02-22 23:31:01.000000', false),
        (43, 'Chillintano Adriano', '3260777B375PB1', 0, '2023-02-27 12:00:05.587199', '2023-02-27 12:00:05.587199', false),
        (34, 'Kuksa Nikita', '3210336B238PB2', 0, '2023-02-27 11:56:45.594504', '2023-02-27 11:56:45.594504', false),
        (46, 'Volodzko Andrey', '5130107C524PB8', 0, '2023-02-27 12:04:01.420039', '2023-02-27 12:04:01.420039', false),
        (104, 'Utkina Maria', '4131001B868PB5', 0, '2023-03-03 14:54:07.229905', '2023-03-03 14:54:07.229905', false),
        (106, 'Beluchi Monic', '4131001B468PB5', 0, '2023-03-03 14:58:20.801651', '2023-03-03 14:58:20.801651', false),
        (3, 'Xrabrova Alla', '4160137B621PB2', 0, '2023-02-22 23:27:04.000000', '2023-02-22 23:27:04.000000', true),
        (114, 'Martin Martin', '4130577B635PB1', 0, '2023-03-07 22:36:53.328066', '2023-03-07 22:36:53.328066', false),
        (120, 'Zelenoie More', '4230568B117PB3', 0, '2023-03-12 23:24:23.242441', '2023-03-12 23:24:23.242441', false),
        (123, 'Kravchuk Katia', '4230129B117PB3', 0, '2023-03-13 10:13:29.229221', '2023-03-13 10:13:29.229221', false),
        (126, 'Lina Tina', '6170878B440PB7', 0, '2023-02-22 23:23:40.000000', '2023-02-22 23:23:40.000000', false),
        (20, 'Krot Slava', '5160507B606PB7', 0, '2023-02-22 23:46:42.000000', '2023-02-22 23:46:42.000000', false),
        (17, 'Moroz Veronika', '4110790B773PB3', 0, '2023-02-23 14:06:10.000000', '2023-02-23 14:06:10.000000', false),
        (41, 'Vecher Mikael', '3200482B204PB5', 0, '2023-02-27 11:58:51.504213', '2023-02-27 11:58:51.504213', false),
        (101, 'Gucci Kurt', '5200208B200PB4', 0, '2023-03-03 11:56:33.882682', '2023-03-03 11:56:33.882682', false),
        (107, 'Lavign Avril', '6131001B467PB5', 0, '2023-03-03 15:03:34.850632', '2023-03-03 15:03:34.850632', false),
        (77, 'Zubovsky Vitaliy', '3150652B316PB4', 0, '2023-02-27 12:27:57.645655', '2023-02-27 12:27:57.645655', true),
        (11, 'Harris Jess', '4110781B120PB2', 0, '2023-02-22 23:33:14.000000', '2023-02-22 23:33:14.000000', false),
        (8, 'Johnson Harry', '3200467B325PB7', 0, '2023-02-22 23:30:43.000000', '2023-02-22 23:30:43.000000', false),
        (84, 'Kosmos Maksim', '3240553B181PB2', 0, '2023-02-27 12:39:58.103253', '2023-02-27 12:39:58.103253', false),
        (92, 'Ford Tom', '3180672B430BA5', 0, '2023-02-27 12:42:17.057090', '2023-02-27 12:42:17.057090', false),
        (88, 'Valchak Nadia', '4280267B379PB5', 0, '2023-02-27 12:40:50.433165', '2023-02-27 12:40:50.433165', false),
        (102, 'Kortnev Kirill', '3130398B868PB5', 0, '2023-03-02 17:06:47.030014', '2023-03-02 17:06:47.030014', false),
        (95, 'Air Jane', '4240382B424PB2', 0, '2023-02-27 12:44:15.512030', '2023-02-27 12:44:15.512030', false),
        (110, 'Marta Marta', '4130577B636PB7', 0, '2023-03-05 17:12:18.135956', '2023-03-05 17:12:18.135956', false),
        (103, 'Mona Liza', '6131108B868PB5', 0, '2023-03-02 17:09:00.957783', '2023-03-02 17:09:00.957783', true),
        (116, 'Zhukov Leon', '4130578B647PB3', 0, '2023-03-11 22:05:18.952625', '2023-03-11 22:05:18.952625', false),
        (97, 'Goshko Vadim', '3260552B659PB4', 0, '2023-02-27 12:47:17.430902', '2023-02-27 12:47:17.430902', false),
        (99, 'Bulgak Svetlana', '4230334K828PB8', 0, '2023-02-27 12:48:17.386490', '2023-02-27 12:48:17.386490', false),
        (119, 'Sinee Nebo', '4130568B117PB3', 0, '2023-03-12 20:24:47.290810', '2023-03-12 20:24:47.290810', false),
        (122, 'Zivaia Katia', '4230569B117PB3', 0, '2023-03-12 23:26:33.134007', '2023-03-12 23:26:33.134007', false),
        (98, 'Kulikova Bitva', '4140244B810PB6', 0, '2023-02-27 12:47:50.839412', '2023-02-27 12:47:50.839412', false),
        (108, 'Tinki Vinki', '4321237B621PB6', 0, '2023-05-01 22:31:38.424428', '2023-05-01 22:31:38.424428', false),
        (100, 'Russell Kurty', '3200288B190PB6', 0, '2023-03-02 18:42:37.078106', '2023-03-02 18:42:37.078106', false),
        (109, 'Russell Kurtyt', '4200288B190PB6', 0, '2023-05-02 11:16:17.638993', '2023-05-02 11:16:17.638993', false),
        (111, 'Russell Kurtyu', '9200288B190PB6', 0, '2023-05-02 11:18:18.587396', '2023-05-02 11:18:18.587396', false),
        (125, 'Sveta Konfeta', '4280267B157PB6', 0, '2023-03-13 10:13:29.229221', '2023-03-13 10:13:29.229221', false),
        (124, 'Vasya Pupkin', '3180260B157PB6', 0, '2023-03-13 10:13:29.229221', '2023-03-13 10:13:29.229221', false),
        (128, 'Shershenuk Dmitri', '4120131B536PB7', 0, '2023-03-13 10:13:29.229221', '2023-03-13 10:13:29.229221', false),
        (12, 'Pavlov Andrey', '3210839B754PB7', 0, '2023-02-22 23:33:40.000000', '2023-02-22 23:33:40.000000', true),
        (76, 'Koltun Yurii', '3250553B165PB8', 0, '2023-02-27 12:27:08.373415', '2023-02-27 12:27:08.373415', true),
        (18, 'Vesna Vesta', '4230471B959PB2', 0, '2023-02-22 23:39:40.000000', '2023-02-22 23:39:40.000000', true),
        (112, 'Mart Mart', '4130577B636PB1', 0, '2023-03-07 21:22:51.221375', '2023-03-07 21:22:51.221375', false),
        (14, 'Makovskij Alex', '3260377B361PB4', 0, '2023-02-23 14:06:12.000000', '2023-02-23 14:06:12.000000', false),
        (29, 'Sedkov Valeriy', '3120263B652PB4', 0, '2023-02-27 11:53:13.065480', '2023-02-27 11:53:13.065480', false),
        (26, 'Levko Boris', '3240646B399PB5', 0, '2023-02-27 11:51:55.185773', '2023-02-27 11:51:55.185773', false),
        (71, 'Koval Sergey', '3170636B517PB5', 0, '2023-02-27 12:25:07.024053', '2023-02-27 12:25:07.024053', false),
        (30, 'Moroz Anna', '4160289B726PB5', 0, '2023-02-27 11:53:27.550846', '2023-02-27 11:53:27.550846', false),
        (27, 'Riabov Dima', '3250259B709PB9', 0, '2023-02-27 11:52:32.025136', '2023-02-27 11:52:32.025136', false),
        (115, 'Filen Fill', '4130577B647PB1', 0, '2023-03-11 21:58:20.500900', '2023-03-11 21:58:20.500900', false),
        (118, 'Zhukova Leona', '4130568B647PB3', 0, '2023-03-11 22:10:30.587064', '2023-03-11 22:10:30.587064', false),
        (31, 'Gevorkjan George', '3140773B141PB8', 0, '2023-02-27 11:55:55.157752', '2023-02-27 11:55:55.157752', false),
        (22, 'Kyslaia Dasha', '4140893B238PB6', 0, '2023-02-22 23:47:26.000000', '2023-02-22 23:47:26.000000', true),
        (35, 'Derdey Andrey', '3250476B789PB8', 0, '2023-02-27 11:56:58.728351', '2023-02-27 11:56:58.728351', false),
        (42, 'Fesler Alexey', '3140755B694PB5', 0, '2023-02-27 11:59:11.424905', '2023-02-27 11:59:11.424905', false),
        (48, 'Shlapkova Alla', '4130584B517PB8', 0, '2023-02-27 12:05:52.250351', '2023-02-27 12:05:52.250351', false),
        (55, 'Martin Rikky', '3250884B456PB8', 0, '2023-02-27 12:08:30.059750', '2023-02-27 12:08:30.059750', false),
        (57, 'Sivec Elena', '4190878B107PB3', 0, '2023-02-27 12:09:12.600429', '2023-02-27 12:09:12.600429', false),
        (60, 'Migas Igor', '3170568B472PB8', 0, '2023-02-27 12:11:16.035848', '2023-02-27 12:11:16.035848', false),
        (62, 'Blanka Coso', '4120547B588PB6', 0, '2023-02-27 12:13:18.286714', '2023-02-27 12:13:18.286714', false),
        (65, 'Omigas Amore', '4240437B971PB9', 0, '2023-02-27 12:17:44.587321', '2023-02-27 12:17:44.587321', false),
        (63, 'Omigas Saionara', '4230357B369PB2', 0, '2023-02-27 12:19:00.793099', '2023-02-27 12:19:00.793099', false),
        (21, 'Gerina Maria', '4180382B475PB4', 1461.8196, '2023-02-22 23:47:06.000000', '2023-02-22 23:47:06.000000', false),
        (66, 'Titova Irina', '4280539B170PB2', 0, '2023-02-27 12:22:27.965528', '2023-02-27 12:22:27.965528', false),
        (69, 'Novik Oksana', '4240589B991PB6', 0, '2023-02-27 12:23:32.456560', '2023-02-27 12:23:32.456560', false),
        (74, 'Furduj Viktor', '3150238B973PB8', 0, '2023-02-27 12:26:31.118832', '2023-02-27 12:26:31.118832', false),
        (81, 'Gurinovich Vladimir', '3120596B528PB9', 0, '2023-02-27 12:28:57.409512', '2023-02-27 12:28:57.409512', false),
        (82, 'Gurinovich Tatiana', '4220735B717PB2', 0, '2023-02-27 12:29:07.194042', '2023-02-27 12:29:07.194042', false),
        (90, 'Loi Valia', '4200537B797PB4', 0, '2023-02-27 12:41:13.562772', '2023-02-27 12:41:13.562772', false),
        (91, 'Spears Britney', '4170239B567PB6', 0, '2023-02-27 12:41:51.997097', '2023-02-27 12:41:51.997097', false),
        (32, 'Levitas Julia', '4190559B139PB7', 0, '2023-02-27 11:56:10.125870', '2023-02-27 11:56:10.125870', false),
        (33, 'Nalivaiko Anastasia', '4170288B940PB9', 0, '2023-02-27 11:56:33.825503', '2023-02-27 11:56:33.825503', false),
        (39, 'Kara Lina', '4170831B776PB5', 0, '2023-02-27 11:58:12.679977', '2023-02-27 11:58:12.679977', false),
        (24, 'Zenko Marina', '4180465B512PB4', 0, '2023-02-27 11:48:58.245393', '2023-02-27 11:48:58.245393', false),
        (36, 'Belik Pavel', '3240693B484PB7', 0, '2023-02-27 11:57:09.035238', '2023-02-27 11:57:09.035238', false),
        (37, 'Pavlov Alex', '3161288A348PB1', 0, '2023-02-27 11:57:23.036338', '2023-02-27 11:57:23.036338', false),
        (45, 'Depp Johnny', '3100288B190PB4', 0, '2023-02-27 12:00:52.713742', '2023-02-27 12:00:52.713742', false),
        (23, 'Dobryi Timur', '5200508B340PB2', 0, '2023-02-22 23:47:57.000000', '2023-02-22 23:47:57.000000', false),
        (28, 'Kravchuk Kirill', '3270180B572PB6', 0, '2023-02-27 11:52:46.065734', '2023-02-27 11:52:46.065734', false),
        (54, 'Martin Iden', '3220532A213PB1', 0, '2023-02-27 12:08:14.165790', '2023-02-27 12:08:14.165790', false),
        (53, 'Bond James', '3160584B821PB8', 0, '2023-02-27 12:07:53.059008', '2023-02-27 12:07:53.059008', false),
        (50, 'Suxov Alexey', '3170262B258PB9', 0, '2023-02-27 12:06:44.942648', '2023-02-27 12:06:44.942648', false),
        (52, 'Bender Ostap', '3240844B699PB5', 0, '2023-02-27 12:07:38.067193', '2023-02-27 12:07:38.067193', false),
        (56, 'Budnev Artem', '3130366M534PB1', 0, '2023-02-27 12:09:00.914018', '2023-02-27 12:09:00.914018', false),
        (83, 'Kosmenko Tatiana', '6170314C141PB7', 0, '2023-02-27 12:39:45.388363', '2023-02-27 12:39:45.388363', false),
        (79, 'Laput Vitaliy', '3140963B336PB3', 0, '2023-02-27 12:28:16.940773', '2023-02-27 12:28:16.940773', false),
        (78, 'Zukov Vitaliy', '3240546B647PB5', 0, '2023-02-27 12:28:08.447097', '2023-02-27 12:28:08.447097', false),
        (58, 'Duck Donald', '3210362B157PB6', 0, '2023-02-27 12:10:26.219031', '2023-02-27 12:10:26.219031', false),
        (16, 'Grom Sveta', '6260404B547PB4', 1461.8196, '2023-02-22 23:37:35.000000', '2023-02-22 23:37:35.000000', false),
        (4, 'Tomina Olga', '6170803B440PB6', 1579.4951, '2023-02-22 23:27:21.000000', '2023-02-22 23:27:21.000000', false),
        (7, 'Evans Joseph', '3250650B724PB7', 3072.6926, '2023-02-22 23:30:15.000000', '2023-02-22 23:30:15.000000', false),
        (15, 'Sneg Pavel', '3140464B722PB1', 3294.521, '2023-02-22 23:36:51.000000', '2023-02-22 23:36:51.000000', true),
        (19, 'Martin Ideya', '5230578B786PB4', 1461.8196, '2023-02-22 23:46:18.000000', '2023-02-22 23:46:18.000000', true),
        (40, 'Vitkova Marina', '4220293B165PB5', 1322.5675, '2023-02-27 11:58:29.429217', '2023-02-27 11:58:29.429217', false),
        (44, 'Kirkorov Filipp', '3130288B573PB5', 388.8343, '2023-02-27 12:00:34.597447', '2023-02-27 12:00:34.597447', false),
        (47, 'Tkachev Michael', '3220249B542PB8', 2196.3474, '2023-02-27 12:04:57.690860', '2023-02-27 12:04:57.690860', false),
        (49, 'Gerus Alexey', '3140434B178PB8', 388.8343, '2023-02-27 12:06:38.850732', '2023-02-27 12:06:38.850732', false),
        (68, 'Rudenko Oleg', '3220746B622PB6', 580.3407, '2023-02-27 12:23:11.454624', '2023-02-27 12:23:11.454624', false),
        (70, 'Belik Eris', '3160636B517PB5', 388.8343, '2023-02-27 12:24:01.734161', '2023-02-27 12:24:01.734161', false),
        (73, 'Veko Vadim', '3170852B329PB6', 3072.6926, '2023-02-27 12:25:57.491533', '2023-02-27 12:25:57.491533', false),
        (75, 'Loiy Vladimir', '3200653B500PB7', 2298.8418, '2023-02-27 12:26:55.293954', '2023-02-27 12:26:55.293954', false),
        (25, 'Titenko Valeriy', '3190194B774PB5', 388.8343, '2023-02-27 11:51:09.083571', '2023-02-27 11:51:09.083571', false),
        (51, 'Gornak Diana', '4130796B215PB7', 2196.3474, '2023-02-27 12:07:08.541123', '2023-02-27 12:07:08.541123', false),
        (38, 'Sinkevich Alex', '3160533B726PB8', 580.3407, '2023-02-27 11:57:35.327499', '2023-02-27 11:57:35.327499', false),
        (2, 'Likanovaya Lian', '4220237B621PB3', 0, '2023-02-22 23:23:40.000000', '2023-02-22 23:23:40.000000', true),
        (10, 'Martinss Identighod', '4620558B636PB6', 0, '2023-02-22 23:33:00.000000', '2023-02-22 23:33:00.000000', false),
        (105, 'Lika Li', '4220237B621PB6', 0, '2023-03-13 10:13:29.229221', '2023-03-13 10:13:29.229221', false),
        (64, 'Omigas Omigas', '3150890B112PB3', 4392.695, '2023-02-27 12:19:15.681138', '2023-02-27 12:19:15.681138', false),
        (80, 'Isaenko Vitaliy', '3100534B719PB3', 3477.3982, '2023-02-27 12:28:26.848626', '2023-02-27 12:28:26.848626', false),
        (86, 'Sasim Vera', '4200269B841PB5', 583.25146, '2023-02-27 12:40:22.811971', '2023-02-27 12:40:22.811971', false),
        (93, 'Franko James', '3200699B798PB3', 2318.2654, '2023-02-27 12:42:42.333419', '2023-02-27 12:42:42.333419', false),
        (94, 'Shakira Kate', '4190493B382PB8', 388.8343, '2023-02-27 12:43:18.476482', '2023-02-27 12:43:18.476482', false),
        (96, 'Plein Philipp', '3180852B274BI2', 2318.2654, '2023-02-27 12:46:22.793716', '2023-02-27 12:46:22.793716', false),
        (113, 'Garrison Idendefitiq', '3150578B636PB5', 0, '2023-05-03 15:58:22.805783', '2023-05-03 15:58:22.805783', false),
        (117, 'Xraabrova Alla', '4260137B621PB2', 0, '2023-05-03 17:52:11.734768', '2023-05-03 17:52:11.734768', false),
        (121, 'Ingeborga Slushandesku', '56620558B636PB0', 0, '2023-05-04 15:48:38.121656', '2023-05-04 15:48:38.121656', false),
        (1, 'Barkova Eriska', '4120251B936PB9', 0, '2023-02-23 14:02:08.000000', '2023-02-23 14:02:08.000000', false);

insert into public.c_document_type (id_document_type, doc_type, created, changed, is_deleted)
values  (1, 'Passport', '2023-02-23 13:44:42.000000', '2023-02-23 13:44:42.000000', false),
        (3, 'Identity card', '2023-02-23 13:44:45.000000', '2023-02-23 13:44:45.000000', false),
        (2, 'Travel document', '2023-02-23 13:44:44.000000', '2023-02-23 13:44:44.000000', false),
        (4, 'Driver license', '2023-02-23 13:45:28.000000', '2023-02-23 13:45:28.000000', false),
        (5, 'Biometric passport', '2023-02-23 13:46:38.000000', '2023-02-23 13:46:38.000000', false),
        (6, 'Passport new1', '2023-05-06 18:39:31.976259', '2023-05-06 18:39:31.976259', false);

insert into public.tickets (id_ticket, id_pass, id_ticket_status, price, id_flight, number_place, created, changed, is_deleted, id_ticket_class, id_airline)
values  (3, 58, 2, 249.29, 6, 'A13', '2023-02-28 14:26:40.741053', '2023-02-28 14:26:40.741053', false, 2, 10),
        (88, 65, 1, 237.64, 1, 'F3', '2023-02-28 14:27:53.166449', '2023-02-28 14:27:53.166449', false, 1, 3),
        (143, 50, 4, 369.54, 17, 'F4', '2023-03-01 09:54:54.434446', '2023-03-01 09:54:54.434446', false, 2, 3),
        (7, 81, 2, 151.13, 2, 'A11', '2023-02-28 14:26:41.621722', '2023-02-28 14:26:41.621722', false, 1, 7),
        (10, 26, 2, 649.70, 8, 'A23', '2023-02-28 14:26:42.145968', '2023-02-28 14:26:42.145968', false, 3, 9),
        (14, 88, 2, 279.87, 3, 'A14', '2023-02-28 14:26:42.926052', '2023-02-28 14:26:42.926052', false, 2, 7),
        (15, 80, 4, 680.12, 1, 'A4', '2023-02-28 14:26:43.100183', '2023-02-28 14:26:43.100183', false, 3, 1),
        (16, 59, 4, 794.26, 6, 'A19', '2023-02-28 14:26:43.293796', '2023-02-28 14:26:43.293796', false, 2, 3),
        (21, 48, 3, 685.03, 5, 'A21', '2023-02-28 14:26:44.268272', '2023-02-28 14:26:44.268272', false, 2, 5),
        (23, 69, 4, 436.15, 9, 'A13', '2023-02-28 14:26:44.668539', '2023-02-28 14:26:44.668539', false, 1, 8),
        (26, 56, 4, 884.25, 2, 'A9', '2023-02-28 14:26:45.216630', '2023-02-28 14:26:45.216630', false, 3, 9),
        (27, 91, 4, 749.18, 7, 'A12', '2023-02-28 14:26:45.391744', '2023-02-28 14:26:45.391744', false, 3, 8),
        (30, 64, 1, 302.95, 1, 'C8', '2023-02-28 14:27:07.166664', '2023-02-28 14:27:07.166664', false, 2, 9),
        (31, 27, 3, 533.69, 9, 'C21', '2023-02-28 14:27:07.367012', '2023-02-28 14:27:07.367012', false, 2, 6),
        (34, 14, 6, 424.76, 3, 'C9', '2023-02-28 14:27:07.908295', '2023-02-28 14:27:07.908295', false, 3, 4),
        (35, 82, 2, 580.63, 2, 'C6', '2023-02-28 14:27:08.095262', '2023-02-28 14:27:08.095262', false, 2, 8),
        (37, 46, 3, 219.18, 9, 'C12', '2023-02-28 14:27:08.483887', '2023-02-28 14:27:08.483887', false, 2, 2),
        (40, 99, 2, 924.49, 5, 'C2', '2023-02-28 14:27:09.058972', '2023-02-28 14:27:09.058972', false, 2, 5),
        (41, 91, 4, 650.29, 8, 'C15', '2023-02-28 14:27:09.283837', '2023-02-28 14:27:09.283837', false, 2, 3),
        (42, 82, 3, 263.07, 2, 'C14', '2023-02-28 14:27:09.713158', '2023-02-28 14:27:09.713158', false, 1, 9),
        (44, 24, 2, 473.92, 8, 'C21', '2023-02-28 14:27:10.195434', '2023-02-28 14:27:10.195434', false, 1, 9),
        (46, 43, 6, 202.89, 3, 'C17', '2023-02-28 14:27:10.689484', '2023-02-28 14:27:10.689484', false, 2, 6),
        (48, 23, 3, 534.57, 5, 'C10', '2023-02-28 14:27:11.136058', '2023-02-28 14:27:11.136058', false, 2, 2),
        (52, 31, 3, 970.24, 4, 'C5', '2023-02-28 14:27:11.757084', '2023-02-28 14:27:11.757084', false, 2, 4),
        (53, 72, 4, 563.95, 8, 'C10', '2023-02-28 14:27:20.403641', '2023-02-28 14:27:20.403641', false, 3, 9),
        (55, 8, 2, 980.90, 5, 'C16', '2023-02-28 14:27:20.740028', '2023-02-28 14:27:20.740028', false, 2, 9),
        (56, 15, 3, 361.35, 10, 'C4', '2023-02-28 14:27:21.199618', '2023-02-28 14:27:21.199618', false, 2, 5),
        (57, 80, 3, 118.91, 9, 'C18', '2023-02-28 14:27:21.381653', '2023-02-28 14:27:21.381653', false, 2, 2),
        (60, 11, 3, 945.60, 7, 'D23', '2023-02-28 14:27:29.422949', '2023-02-28 14:27:29.422949', false, 3, 8),
        (61, 13, 2, 654.68, 6, 'D15', '2023-02-28 14:27:29.641644', '2023-02-28 14:27:29.641644', false, 2, 3),
        (63, 22, 3, 384.71, 1, 'D18', '2023-02-28 14:27:30.121172', '2023-02-28 14:27:30.121172', false, 1, 4),
        (64, 88, 3, 767.30, 5, 'D19', '2023-02-28 14:27:30.355889', '2023-02-28 14:27:30.355889', false, 1, 4),
        (65, 6, 4, 315.75, 9, 'D21', '2023-02-28 14:27:30.580505', '2023-02-28 14:27:30.580505', false, 1, 3),
        (66, 34, 6, 708.33, 2, 'D10', '2023-02-28 14:27:30.817540', '2023-02-28 14:27:30.817540', false, 2, 3),
        (70, 38, 3, 275.25, 2, 'D18', '2023-02-28 14:27:31.727224', '2023-02-28 14:27:31.727224', false, 3, 5),
        (39, 53, 2, 932.76, 8, 'C7', '2023-02-28 14:27:08.884900', '2023-02-28 14:27:08.884900', false, 2, 7),
        (9, 73, 1, 650.65, 5, 'A6', '2023-02-28 14:26:41.959482', '2023-02-28 14:26:41.959482', false, 1, 8),
        (69, 63, 4, 528.80, 3, 'D13', '2023-02-28 14:27:31.485983', '2023-02-28 14:27:31.485983', false, 1, 7),
        (51, 98, 2, 918.17, 6, 'C9', '2023-02-28 14:27:11.638386', '2023-02-28 14:27:11.638386', false, 1, 8),
        (25, 52, 4, 533.35, 3, 'A23', '2023-02-28 14:26:45.038638', '2023-02-28 14:26:45.038638', false, 2, 6),
        (43, 96, 1, 855.13, 5, 'C2', '2023-02-28 14:27:09.992288', '2023-02-28 14:27:09.992288', false, 2, 2),
        (17, 78, 4, 107.00, 3, 'A16', '2023-02-28 14:26:43.493675', '2023-02-28 14:26:43.493675', false, 2, 5),
        (19, 90, 3, 481.16, 5, 'A12', '2023-02-28 14:26:43.873315', '2023-02-28 14:26:43.873315', false, 2, 9),
        (62, 67, 4, 874.94, 8, 'D20', '2023-02-28 14:27:29.874384', '2023-02-28 14:27:29.874384', false, 2, 10),
        (1, 95, 1, 247.74, 10, 'A13', '2023-02-28 14:26:15.565831', '2023-02-28 14:26:15.565831', false, 2, 6),
        (2, 14, 4, 421.10, 9, 'A7', '2023-02-28 14:26:40.165420', '2023-02-28 14:26:40.165420', false, 3, 5),
        (36, 1, 1, 614.13, 7, 'C11', '2023-02-28 14:27:08.306816', '2023-02-28 14:27:08.306816', false, 2, 2),
        (49, 2, 3, 578.94, 10, 'C10', '2023-02-28 14:27:11.307293', '2023-02-28 14:27:11.307293', false, 3, 8),
        (6, 14, 3, 194.84, 10, 'A9', '2023-02-28 14:26:41.415877', '2023-02-28 14:26:41.415877', false, 2, 2),
        (5, 6, 2, 400.33, 6, '4.0', '2023-02-28 14:26:41.188513', '2023-02-28 14:26:41.188513', false, 1, 5),
        (72, 75, 1, 852.75, 2, 'D9', '2023-02-28 14:27:32.232443', '2023-02-28 14:27:32.232443', false, 2, 2),
        (74, 30, 4, 365.18, 9, 'D18', '2023-02-28 14:27:32.745942', '2023-02-28 14:27:32.745942', false, 3, 1),
        (76, 60, 2, 237.73, 3, 'D21', '2023-02-28 14:27:33.282218', '2023-02-28 14:27:33.282218', false, 2, 3),
        (78, 32, 2, 835.51, 6, 'D10', '2023-02-28 14:27:33.963001', '2023-02-28 14:27:33.963001', false, 3, 4),
        (79, 9, 5, 172.80, 1, 'D16', '2023-02-28 14:27:34.270232', '2023-02-28 14:27:34.270232', false, 1, 10),
        (80, 75, 2, 758.23, 6, 'D20', '2023-02-28 14:27:34.503990', '2023-02-28 14:27:34.503990', false, 3, 2),
        (83, 97, 4, 150.26, 7, 'D10', '2023-02-28 14:27:35.242686', '2023-02-28 14:27:35.242686', false, 2, 6),
        (84, 76, 3, 282.61, 7, 'D19', '2023-02-28 14:27:35.459049', '2023-02-28 14:27:35.459049', false, 2, 3),
        (86, 71, 3, 355.53, 5, 'F6', '2023-02-28 14:27:52.796459', '2023-02-28 14:27:52.796459', false, 1, 4),
        (87, 87, 3, 498.16, 6, 'F21', '2023-02-28 14:27:52.976356', '2023-02-28 14:27:52.976356', false, 3, 3),
        (4, 7, 5, 426.53, 8, 'A17', '2023-02-28 14:26:40.999627', '2023-02-28 14:26:40.999627', false, 2, 6),
        (20, 44, 5, 569.51, 6, 'A16', '2023-02-28 14:26:44.063200', '2023-02-28 14:26:44.063200', false, 1, 2),
        (59, 47, 5, 515.13, 4, 'D17', '2023-02-28 14:27:29.180065', '2023-02-28 14:27:29.180065', false, 1, 9),
        (11, 49, 5, 342.59, 5, 'A11', '2023-02-28 14:26:42.345944', '2023-02-28 14:26:42.345944', false, 3, 4),
        (54, 70, 5, 456.60, 6, 'C8', '2023-02-28 14:27:20.578727', '2023-02-28 14:27:20.578727', false, 3, 5),
        (33, 25, 5, 473.19, 6, 'C7', '2023-02-28 14:27:07.714159', '2023-02-28 14:27:07.714159', false, 1, 7),
        (29, 93, 5, 512.32, 7, 'C4', '2023-02-28 14:27:06.968273', '2023-02-28 14:27:06.968273', false, 1, 3),
        (213, 17, 6, 718.22, 9, 'A4', '2023-05-02 15:19:10.839527', '2023-05-02 15:19:10.839527', false, 2, 2),
        (73, 94, 5, 277.69, 5, 'D5', '2023-02-28 14:27:32.552945', '2023-02-28 14:27:32.552945', false, 3, 4),
        (12, 17, 6, 718.22, 9, 'A4', '2023-02-28 14:26:42.534707', '2023-02-28 14:26:42.534707', false, 2, 2),
        (58, 16, 5, 663.17, 9, 'D19', '2023-02-28 14:27:28.985812', '2023-02-28 14:27:28.985812', false, 2, 3),
        (90, 74, 4, 987.61, 2, 'F18', '2023-02-28 14:27:53.549641', '2023-02-28 14:27:53.549641', false, 2, 8),
        (99, 81, 2, 973.57, 3, 'F19', '2023-02-28 14:27:55.290069', '2023-02-28 14:27:55.290069', false, 2, 10),
        (100, 79, 3, 910.02, 2, 'F22', '2023-02-28 14:27:55.484049', '2023-02-28 14:27:55.484049', false, 2, 9),
        (102, 51, 6, 663.00, 4, 'F3', '2023-02-28 14:27:55.860068', '2023-02-28 14:27:55.860068', false, 2, 9),
        (105, 5, 4, 856.11, 7, 'F19', '2023-02-28 14:27:56.420036', '2023-02-28 14:27:56.420036', false, 3, 3),
        (106, 61, 4, 163.75, 5, 'F18', '2023-02-28 14:27:56.598251', '2023-02-28 14:27:56.598251', false, 2, 7),
        (107, 42, 4, 801.47, 3, 'F17', '2023-02-28 14:27:56.785186', '2023-02-28 14:27:56.785186', false, 1, 2),
        (110, 20, 2, 619.08, 8, 'F7', '2023-02-28 14:27:57.547037', '2023-02-28 14:27:57.547037', false, 1, 8),
        (111, 13, 1, 109.44, 6, 'F6', '2023-02-28 14:27:57.704434', '2023-02-28 14:27:57.704434', false, 2, 7),
        (45, 33, 6, 645.51, 7, 'C9', '2023-02-28 14:27:10.491143', '2023-02-28 14:27:10.491143', false, 2, 7),
        (24, 12, 3, 111.57, 5, 'A10', '2023-02-28 14:26:44.856602', '2023-02-28 14:26:44.856602', false, 1, 7),
        (32, 29, 2, 255.93, 10, 'C22', '2023-02-28 14:27:07.540601', '2023-02-28 14:27:07.540601', false, 2, 10),
        (38, 10, 1, 592.05, 10, 'C3', '2023-02-28 14:27:08.686047', '2023-02-28 14:27:08.686047', false, 1, 2),
        (85, 36, 3, 520.26, 8, 'D15', '2023-02-28 14:27:35.663942', '2023-02-28 14:27:35.663942', false, 3, 6),
        (68, 18, 3, 262.92, 8, 'D23', '2023-02-28 14:27:31.248291', '2023-02-28 14:27:31.248291', false, 3, 9),
        (67, 35, 2, 664.93, 4, 'D19', '2023-02-28 14:27:31.017758', '2023-02-28 14:27:31.017758', false, 3, 9),
        (28, 39, 1, 150.42, 8, 'A18', '2023-02-28 14:26:45.580195', '2023-02-28 14:26:45.580195', false, 3, 1),
        (77, 40, 4, 125.16, 4, 'D11', '2023-02-28 14:27:33.692050', '2023-02-28 14:27:33.692050', false, 3, 5),
        (93, 37, 3, 299.04, 8, 'F3', '2023-02-28 14:27:54.127068', '2023-02-28 14:27:54.127068', false, 1, 9),
        (22, 28, 3, 281.22, 8, 'A18', '2023-02-28 14:26:44.471565', '2023-02-28 14:26:44.471565', false, 1, 4),
        (92, 3, 4, 534.80, 8, 'F6', '2023-02-28 14:27:53.959254', '2023-02-28 14:27:53.959254', false, 3, 8),
        (104, 92, 2, 651.04, 7, 'F1', '2023-02-28 14:27:56.243202', '2023-02-28 14:27:56.243202', false, 2, 5),
        (95, 68, 2, 669.16, 5, 'F19', '2023-02-28 14:27:54.556222', '2023-02-28 14:27:54.556222', false, 2, 3),
        (82, 100, 3, 738.08, 8, 'D6', '2023-02-28 14:27:35.010085', '2023-02-28 14:27:35.010085', false, 1, 9),
        (109, 62, 3, 726.62, 6, 'F18', '2023-02-28 14:27:57.212760', '2023-02-28 14:27:57.212760', false, 2, 10),
        (94, 84, 2, 934.60, 1, 'F15', '2023-02-28 14:27:54.342851', '2023-02-28 14:27:54.342851', false, 2, 6),
        (96, 54, 2, 399.12, 5, 'F5', '2023-02-28 14:27:54.739336', '2023-02-28 14:27:54.739336', false, 2, 3),
        (97, 41, 4, 822.76, 4, 'F18', '2023-02-28 14:27:54.926206', '2023-02-28 14:27:54.926206', false, 3, 9),
        (103, 89, 1, 987.08, 2, 'F7', '2023-02-28 14:27:56.066655', '2023-02-28 14:27:56.066655', false, 1, 9),
        (18, 77, 2, 665.49, 6, 'A22', '2023-02-28 14:26:43.686049', '2023-02-28 14:26:43.686049', false, 2, 6),
        (75, 57, 6, 841.13, 9, 'D5', '2023-02-28 14:27:33.027786', '2023-02-28 14:27:33.027786', false, 2, 9),
        (47, 66, 2, 885.88, 9, 'C24', '2023-02-28 14:27:10.946399', '2023-02-28 14:27:10.946399', false, 3, 8),
        (108, 83, 2, 379.30, 1, 'F14', '2023-02-28 14:27:56.961909', '2023-02-28 14:27:56.961909', false, 1, 2),
        (50, 55, 3, 152.50, 3, 'C11', '2023-02-28 14:27:11.466474', '2023-02-28 14:27:11.466474', false, 2, 6),
        (81, 39, 4, 898.97, 9, 'D20', '2023-02-28 14:27:34.724363', '2023-02-28 14:27:34.724363', false, 3, 6),
        (112, 63, 5, 580.64, 11, 'F10', '2023-03-01 09:54:49.862530', '2023-03-01 09:54:49.862530', false, 2, 5),
        (113, 25, 4, 428.52, 24, 'F10', '2023-03-01 09:54:50.232435', '2023-03-01 09:54:50.232435', false, 2, 6),
        (114, 81, 3, 109.14, 15, 'F4', '2023-03-01 09:54:50.263787', '2023-03-01 09:54:50.263787', false, 1, 5),
        (115, 59, 6, 358.69, 12, 'F21', '2023-03-01 09:54:50.287387', '2023-03-01 09:54:50.287387', false, 3, 1),
        (116, 86, 1, 289.20, 15, 'F3', '2023-03-01 09:54:50.313292', '2023-03-01 09:54:50.313292', false, 3, 4),
        (117, 95, 3, 649.54, 12, 'F18', '2023-03-01 09:54:50.336691', '2023-03-01 09:54:50.336691', false, 2, 3),
        (118, 74, 4, 141.89, 13, 'F20', '2023-03-01 09:54:50.362825', '2023-03-01 09:54:50.362825', false, 3, 6),
        (120, 70, 2, 770.87, 12, 'F4', '2023-03-01 09:54:50.403465', '2023-03-01 09:54:50.403465', false, 3, 10),
        (121, 78, 3, 980.78, 14, 'F17', '2023-03-01 09:54:50.432496', '2023-03-01 09:54:50.432496', false, 2, 4),
        (122, 89, 4, 347.99, 25, 'F18', '2023-03-01 09:54:50.457661', '2023-03-01 09:54:50.457661', false, 1, 7),
        (123, 42, 4, 890.10, 16, 'F4', '2023-03-01 09:54:50.485490', '2023-03-01 09:54:50.485490', false, 1, 5),
        (124, 50, 4, 866.46, 23, 'F11', '2023-03-01 09:54:50.512266', '2023-03-01 09:54:50.512266', false, 2, 4),
        (125, 7, 6, 227.68, 14, 'F21', '2023-03-01 09:54:50.608234', '2023-03-01 09:54:50.608234', false, 2, 9),
        (126, 24, 2, 698.87, 15, 'F2', '2023-03-01 09:54:51.476067', '2023-03-01 09:54:51.476067', false, 2, 9),
        (127, 92, 2, 661.45, 18, 'F19', '2023-03-01 09:54:51.627473', '2023-03-01 09:54:51.627473', false, 1, 7),
        (128, 3, 3, 718.13, 20, 'F14', '2023-03-01 09:54:51.803317', '2023-03-01 09:54:51.803317', false, 2, 9),
        (130, 35, 3, 326.89, 11, 'F23', '2023-03-01 09:54:52.155122', '2023-03-01 09:54:52.155122', false, 3, 2),
        (131, 22, 3, 312.13, 15, 'F7', '2023-03-01 09:54:52.325328', '2023-03-01 09:54:52.325328', false, 2, 6),
        (133, 27, 4, 967.03, 20, 'F19', '2023-03-01 09:54:52.663282', '2023-03-01 09:54:52.663282', false, 3, 1),
        (134, 70, 4, 757.29, 12, 'F7', '2023-03-01 09:54:52.838444', '2023-03-01 09:54:52.838444', false, 3, 10),
        (135, 54, 2, 428.47, 22, 'F14', '2023-03-01 09:54:53.016784', '2023-03-01 09:54:53.016784', false, 2, 3),
        (136, 65, 3, 401.13, 22, 'F9', '2023-03-01 09:54:53.200771', '2023-03-01 09:54:53.200771', false, 1, 5),
        (137, 49, 6, 715.29, 12, 'F3', '2023-03-01 09:54:53.371157', '2023-03-01 09:54:53.371157', false, 1, 4),
        (138, 93, 2, 785.14, 21, 'F1', '2023-03-01 09:54:53.549299', '2023-03-01 09:54:53.549299', false, 3, 4),
        (139, 96, 2, 165.02, 21, 'F19', '2023-03-01 09:54:53.714422', '2023-03-01 09:54:53.714422', false, 1, 4),
        (140, 28, 3, 980.33, 15, 'F23', '2023-03-01 09:54:53.893862', '2023-03-01 09:54:53.893862', false, 1, 9),
        (141, 64, 6, 876.77, 15, 'F22', '2023-03-01 09:54:54.082375', '2023-03-01 09:54:54.082375', false, 2, 3),
        (142, 22, 5, 186.81, 17, 'F23', '2023-03-01 09:54:54.254818', '2023-03-01 09:54:54.254818', false, 1, 9),
        (71, 19, 5, 918.78, 9, 'D4', '2023-02-28 14:27:31.980638', '2023-02-28 14:27:31.980638', false, 2, 8),
        (89, 51, 5, 282.44, 4, 'F9', '2023-02-28 14:27:53.350737', '2023-02-28 14:27:53.350737', false, 3, 5),
        (119, 80, 5, 376.17, 14, 'F11', '2023-03-01 09:54:50.379312', '2023-03-01 09:54:50.379312', false, 2, 8),
        (98, 86, 5, 108.39, 3, 'F4', '2023-02-28 14:27:55.104461', '2023-02-28 14:27:55.104461', false, 2, 3),
        (91, 15, 5, 861.99, 4, 'F19', '2023-02-28 14:27:53.760977', '2023-02-28 14:27:53.760977', false, 2, 4),
        (144, 92, 1, 920.57, 17, 'A11', '2023-03-01 09:55:01.238730', '2023-03-01 09:55:01.238730', false, 2, 8),
        (145, 91, 6, 353.19, 15, 'A21', '2023-03-01 09:55:01.375029', '2023-03-01 09:55:01.375029', false, 2, 7),
        (147, 42, 2, 121.23, 23, 'A8', '2023-03-01 09:55:01.698654', '2023-03-01 09:55:01.698654', false, 2, 5),
        (149, 37, 5, 793.45, 19, 'A14', '2023-03-01 09:55:02.054302', '2023-03-01 09:55:02.054302', false, 3, 7),
        (151, 5, 3, 612.42, 12, 'A23', '2023-03-01 09:55:02.388419', '2023-03-01 09:55:02.388419', false, 3, 3),
        (152, 90, 5, 904.67, 24, 'A3', '2023-03-01 09:55:02.566622', '2023-03-01 09:55:02.566622', false, 3, 6),
        (153, 58, 1, 955.07, 14, 'A23', '2023-03-01 09:55:02.737030', '2023-03-01 09:55:02.737030', false, 2, 5),
        (154, 64, 3, 155.91, 21, 'A11', '2023-03-01 09:55:02.922630', '2023-03-01 09:55:02.922630', false, 2, 6),
        (155, 8, 4, 377.54, 16, 'A18', '2023-03-01 09:55:03.119256', '2023-03-01 09:55:03.119256', false, 2, 3),
        (156, 42, 3, 686.95, 17, 'A9', '2023-03-01 09:55:03.315506', '2023-03-01 09:55:03.315506', false, 1, 3),
        (157, 83, 4, 126.51, 11, 'A11', '2023-03-01 09:55:03.491477', '2023-03-01 09:55:03.491477', false, 2, 2),
        (158, 76, 4, 599.68, 19, 'A16', '2023-03-01 09:55:03.679725', '2023-03-01 09:55:03.679725', false, 1, 5),
        (159, 48, 1, 157.87, 16, 'A9', '2023-03-01 09:55:03.876156', '2023-03-01 09:55:03.876156', false, 3, 7),
        (160, 30, 1, 472.80, 25, 'A18', '2023-03-01 09:55:04.052547', '2023-03-01 09:55:04.052547', false, 2, 3),
        (161, 62, 3, 345.51, 24, 'A14', '2023-03-01 09:55:04.247128', '2023-03-01 09:55:04.247128', false, 1, 5),
        (162, 46, 5, 420.01, 16, 'A19', '2023-03-01 09:55:04.431076', '2023-03-01 09:55:04.431076', false, 1, 8),
        (163, 36, 5, 286.83, 16, 'A1', '2023-03-01 09:55:04.610837', '2023-03-01 09:55:04.610837', false, 2, 4),
        (164, 66, 1, 170.23, 16, 'A15', '2023-03-01 09:55:04.793177', '2023-03-01 09:55:04.793177', false, 1, 9),
        (166, 38, 2, 516.45, 18, 'A5', '2023-03-01 09:55:05.162285', '2023-03-01 09:55:05.162285', false, 2, 7),
        (167, 34, 2, 222.27, 12, 'A24', '2023-03-01 09:55:05.343739', '2023-03-01 09:55:05.343739', false, 3, 2),
        (168, 11, 4, 617.13, 16, 'A3', '2023-03-01 09:55:05.535458', '2023-03-01 09:55:05.535458', false, 1, 5),
        (169, 64, 4, 802.32, 16, 'A14', '2023-03-01 09:55:05.705684', '2023-03-01 09:55:05.705684', false, 2, 5),
        (170, 79, 3, 396.79, 12, 'C13', '2023-03-01 09:55:11.217945', '2023-03-01 09:55:11.217945', false, 3, 7),
        (171, 14, 5, 743.19, 17, 'C4', '2023-03-01 09:55:11.409785', '2023-03-01 09:55:11.409785', false, 3, 6),
        (172, 79, 2, 145.67, 11, 'C14', '2023-03-01 09:55:11.607705', '2023-03-01 09:55:11.607705', false, 2, 9),
        (173, 3, 2, 195.23, 19, 'C19', '2023-03-01 09:55:11.794635', '2023-03-01 09:55:11.794635', false, 2, 10),
        (175, 62, 3, 618.68, 22, 'C13', '2023-03-01 09:55:12.185321', '2023-03-01 09:55:12.185321', false, 2, 7),
        (176, 53, 4, 424.93, 22, 'C16', '2023-03-01 09:55:12.362316', '2023-03-01 09:55:12.362316', false, 1, 7),
        (177, 12, 5, 568.92, 17, 'C16', '2023-03-01 09:55:12.533509', '2023-03-01 09:55:12.533509', false, 2, 10),
        (178, 86, 4, 318.55, 14, 'C10', '2023-03-01 09:55:12.727240', '2023-03-01 09:55:12.727240', false, 3, 5),
        (180, 5, 1, 492.53, 15, 'C9', '2023-03-01 09:55:13.109055', '2023-03-01 09:55:13.109055', false, 3, 2),
        (181, 70, 1, 392.04, 11, 'C16', '2023-03-01 09:55:13.263901', '2023-03-01 09:55:13.263901', false, 2, 4),
        (184, 13, 3, 526.47, 23, 'C7', '2023-03-01 09:55:13.790554', '2023-03-01 09:55:13.790554', false, 3, 6),
        (185, 23, 4, 495.15, 12, 'C11', '2023-03-01 09:55:13.954353', '2023-03-01 09:55:13.954353', false, 2, 8),
        (186, 59, 4, 418.88, 18, 'C6', '2023-03-01 09:55:14.125237', '2023-03-01 09:55:14.125237', false, 1, 9),
        (187, 27, 6, 242.87, 21, 'C21', '2023-03-01 09:55:14.294724', '2023-03-01 09:55:14.294724', false, 2, 9),
        (188, 29, 2, 312.73, 13, 'C21', '2023-03-01 09:55:14.492593', '2023-03-01 09:55:14.492593', false, 1, 5),
        (179, 62, 3, 153.40, 23, 'C9', '2023-03-01 09:55:12.939097', '2023-03-01 09:55:12.939097', false, 1, 7),
        (148, 45, 2, 434.30, 17, 'A5', '2023-03-01 09:55:01.879632', '2023-03-01 09:55:01.879632', false, 1, 2),
        (129, 2, 3, 712.37, 18, 'F6', '2023-03-01 09:54:51.982066', '2023-03-01 09:54:51.982066', false, 1, 3),
        (189, 54, 3, 785.44, 25, 'D12', '2023-03-01 09:55:19.965027', '2023-03-01 09:55:19.965027', false, 3, 2),
        (191, 55, 2, 374.96, 17, 'D15', '2023-03-01 09:55:20.303643', '2023-03-01 09:55:20.303643', false, 2, 7),
        (192, 66, 6, 594.23, 22, 'D10', '2023-03-01 09:55:20.490700', '2023-03-01 09:55:20.490700', false, 1, 6),
        (193, 27, 2, 232.27, 15, 'D13', '2023-03-01 09:55:20.665358', '2023-03-01 09:55:20.665358', false, 1, 8),
        (194, 41, 1, 795.70, 22, 'D5', '2023-03-01 09:55:20.849274', '2023-03-01 09:55:20.849274', false, 3, 4),
        (195, 63, 5, 804.13, 24, 'D10', '2023-03-01 09:55:21.039314', '2023-03-01 09:55:21.039314', false, 3, 4),
        (196, 44, 2, 690.69, 17, 'D7', '2023-03-01 09:55:21.219291', '2023-03-01 09:55:21.219291', false, 1, 10),
        (197, 18, 3, 660.42, 13, 'D23', '2023-03-01 09:55:21.406093', '2023-03-01 09:55:21.406093', false, 3, 3),
        (198, 42, 3, 422.34, 19, 'D10', '2023-03-01 09:55:21.597753', '2023-03-01 09:55:21.597753', false, 2, 3),
        (199, 69, 4, 888.92, 24, 'D21', '2023-03-01 09:55:21.777101', '2023-03-01 09:55:21.777101', false, 3, 6),
        (202, 73, 2, 380.70, 13, 'D17', '2023-03-01 09:55:22.321731', '2023-03-01 09:55:22.321731', false, 2, 5),
        (203, 53, 1, 851.70, 24, 'D8', '2023-03-01 09:55:22.510456', '2023-03-01 09:55:22.510456', false, 3, 7),
        (204, 27, 1, 450.52, 17, 'D9', '2023-03-01 09:55:22.684186', '2023-03-01 09:55:22.684186', false, 1, 2),
        (205, 40, 4, 985.96, 25, 'D4', '2023-03-01 09:55:22.869862', '2023-03-01 09:55:22.869862', false, 2, 8),
        (207, 100, 2, 200.00, 1, '1', '2023-03-16 15:17:14.674643', '2023-03-16 15:17:14.674643', false, 1, 1),
        (201, 45, 4, 494.55, 19, 'D15', '2023-03-01 09:55:22.145784', '2023-03-01 09:55:22.145784', false, 1, 7),
        (150, 67, 5, 489.84, 16, 'A16', '2023-03-01 09:55:02.214955', '2023-03-01 09:55:02.214955', false, 1, 6),
        (206, 1, 1, 80.00, 1, '1', '2023-03-16 15:15:58.368812', '2023-03-16 15:15:58.368812', false, 1, 1),
        (183, 68, 5, 110.80, 13, 'C23', '2023-03-01 09:55:13.612161', '2023-03-01 09:55:13.612161', false, 2, 8),
        (132, 73, 5, 540.75, 15, 'F8', '2023-03-01 09:54:52.506259', '2023-03-01 09:54:52.506259', false, 2, 5),
        (200, 75, 5, 78.66, 21, 'D23', '2023-03-01 09:55:21.970304', '2023-03-01 09:55:21.970304', false, 2, 4),
        (174, 38, 5, 919.99, 13, 'C15', '2023-03-01 09:55:11.992656', '2023-03-01 09:55:11.992656', false, 2, 4),
        (146, 64, 5, 758.29, 20, 'A23', '2023-03-01 09:55:01.532314', '2023-03-01 09:55:01.532314', false, 1, 1),
        (190, 64, 5, 322.81, 20, 'D16', '2023-03-01 09:55:20.137530', '2023-03-01 09:55:20.137530', false, 1, 3),
        (165, 96, 5, 810.95, 14, 'A5', '2023-03-01 09:55:04.973754', '2023-03-01 09:55:04.973754', false, 1, 3),
        (212, 17, 6, 718.22, 9, 'A4', '2023-05-02 15:11:14.298977', '2023-05-02 15:11:14.298977', false, 2, 2),
        (101, 21, 5, 253.75, 9, 'F23', '2023-02-28 14:27:55.667068', '2023-02-28 14:27:55.667068', false, 2, 8),
        (182, 40, 5, 674.42, 22, 'C3', '2023-03-01 09:55:13.443402', '2023-03-01 09:55:13.443402', false, 1, 3),
        (8, 4, 5, 867.99, 2, 'A17', '2023-02-28 14:26:41.829290', '2023-02-28 14:26:41.829290', false, 2, 6),
        (215, 45, 6, 0.00, 2, null, '2023-05-03 22:54:33.012914', '2023-05-03 22:54:33.012914', false, 2, 6),
        (13, 45, 6, 467.00, 2, 'A28', '2023-02-28 14:26:42.729148', '2023-02-28 14:26:42.729148', false, 2, 6),
        (216, 45, 6, 0.00, 8, null, '2023-05-04 15:33:11.849709', '2023-05-04 15:33:11.849709', false, 2, 6);

insert into public.c_roles (id_role, role_name, created, changed, is_deleted)
values  (1, 'ROLE_USER', '2023-04-09 11:19:32.000000', '2023-04-09 11:19:32.000000', false),
        (2, 'ROLE_ADMIN', '2023-04-09 07:29:45.405278', '2023-04-09 07:29:45.405278', false),
        (4, 'ROLE_MODERATOR', '2023-04-09 07:29:52.355271', '2023-04-09 07:29:52.355271', false),
        (3, 'ROLE_OTHER', '2023-04-09 07:29:52.253814', '2023-04-09 07:29:52.253814', false);

insert into public.users (id_user, email, user_password, created, changed, is_deleted, id_pass, id_role)
values  (1, 'svetapiven93@gmail.com', '43490137', '2023-04-09 11:16:28.000000', '2023-04-09 11:16:28.000000', false, 1, 1),
        (2, 'svetapiven81@gmail.com', '43490136', '2023-04-09 07:34:34.919696', '2023-04-09 07:34:34.919696', false, 103, 1),
        (4, 'svetapiven111@gmail.com', '12345678', '2023-05-07 15:10:42.127376', '2023-05-07 15:10:42.127376', false, null, 2),
        (6, 'svetapiven112@gmail.com', '123456789', '2023-05-07 15:24:20.812843', '2023-05-07 15:24:20.812843', false, 100, 3),
        (7, 'svetapiven1@gmail.com', '30544531', '2023-04-09 07:34:38.323433', '2023-04-09 07:34:38.323433', false, 37, 4),
        (17, 'svetapiven84@gmail.com', '28919390', '2023-04-09 07:34:40.348058', '2023-04-09 07:34:40.348058', false, 78, 1),
        (38, 'svetapiven89@gmail.com', '1234567890', '2023-05-10 14:49:22.059663', '2023-05-10 14:49:22.059663', false, 12, 1),
        (39, 'svetapiven689@gmail.com', '12345676890', '2023-05-10 14:52:13.768557', '2023-05-10 14:52:13.768557', false, 14, 1);

insert into public.document_pass (id_document_pass, id_document_type, document_num, id_pass, created, changed, is_deleted)
values  (3, 4, 'MP2643444', 3, '2023-02-23 14:08:25.000000', '2023-02-23 14:08:25.000000', false),
        (2, 2, 'MP2643377', 2, '2023-02-23 13:24:49.000000', '2023-02-23 13:24:49.000000', false),
        (5, 3, '998000398', 4, '2023-02-23 14:18:07.000000', '2023-02-23 14:18:07.000000', false),
        (6, 4, 'l1234568', 5, '2023-02-23 14:18:08.000000', '2023-02-23 14:18:08.000000', false),
        (7, 1, 'MP2643111', 6, '2023-02-23 14:18:09.000000', '2023-02-23 14:18:09.000000', false),
        (8, 5, 'MP2643399', 7, '2023-02-23 14:18:09.000000', '2023-02-23 14:18:09.000000', false),
        (9, 2, 'MC2655646', 8, '2023-02-23 14:18:10.000000', '2023-02-23 14:18:10.000000', false),
        (10, 3, '998000456', 9, '2023-02-23 14:18:11.000000', '2023-02-23 14:18:11.000000', false),
        (11, 1, 'MP2643546', 10, '2023-02-23 14:18:11.000000', '2023-02-23 14:18:11.000000', false),
        (12, 3, '234000398', 11, '2023-02-23 14:18:12.000000', '2023-02-23 14:18:12.000000', false),
        (13, 3, '994560398', 12, '2023-02-23 14:18:13.000000', '2023-02-23 14:18:13.000000', false),
        (14, 2, 'MC2643546', 13, '2023-02-23 14:18:14.000000', '2023-02-23 14:18:14.000000', false),
        (15, 1, 'MP2643732', 14, '2023-02-23 14:18:15.000000', '2023-02-23 14:18:15.000000', false),
        (16, 3, '998533456', 15, '2023-02-23 14:18:15.000000', '2023-02-23 14:18:15.000000', false),
        (17, 1, 'MP2643432', 16, '2023-02-23 14:18:16.000000', '2023-02-23 14:18:16.000000', false),
        (18, 1, 'MP2643561', 17, '2023-02-23 14:18:17.000000', '2023-02-23 14:18:17.000000', false),
        (19, 1, 'MP2643115', 18, '2023-02-23 14:18:18.000000', '2023-02-23 14:18:18.000000', false),
        (20, 1, 'MP2643263', 19, '2023-02-23 14:18:20.000000', '2023-02-23 14:18:20.000000', false),
        (21, 1, 'MP2647865', 20, '2023-02-23 14:18:22.000000', '2023-02-23 14:18:22.000000', false),
        (22, 2, 'MC2643123', 21, '2023-02-23 14:18:23.000000', '2023-02-23 14:18:23.000000', false),
        (23, 1, 'MP2643741', 22, '2023-02-23 14:18:23.000000', '2023-02-23 14:18:23.000000', false),
        (24, 1, 'MP2643123', 23, '2023-02-23 14:18:24.000000', '2023-02-23 14:18:24.000000', false),
        (4, 1, 'MP1853338', 1, '2023-02-23 14:09:00.000000', '2023-02-23 14:09:00.000000', false),
        (25, 1, 'MC2643546', 14, '2023-02-23 14:26:24.000000', '2023-02-23 14:26:24.000000', false),
        (27, 3, 'MP7105229', 98, '2023-02-28 14:03:40.442055', '2023-02-28 14:03:40.442055', false),
        (28, 3, 'MP3322384', 57, '2023-02-28 14:03:41.882450', '2023-02-28 14:03:41.882450', false),
        (30, 4, 'MP3658356', 69, '2023-02-28 14:03:48.316304', '2023-02-28 14:03:48.316304', false),
        (31, 3, 'MP5601939', 97, '2023-02-28 14:03:49.471618', '2023-02-28 14:03:49.471618', false),
        (34, 5, 'MP2823372', 83, '2023-02-28 14:03:50.045531', '2023-02-28 14:03:50.045531', false),
        (36, 3, 'MP3093403', 94, '2023-02-28 14:03:50.416206', '2023-02-28 14:03:50.416206', false),
        (37, 3, 'MP4718248', 82, '2023-02-28 14:03:50.582273', '2023-02-28 14:03:50.582273', false),
        (39, 5, 'MP9974745', 100, '2023-02-28 14:03:50.911906', '2023-02-28 14:03:50.911906', false),
        (40, 3, 'MP9015552', 39, '2023-02-28 14:03:51.088711', '2023-02-28 14:03:51.088711', false),
        (41, 3, 'MP7000971', 73, '2023-02-28 14:03:51.274002', '2023-02-28 14:03:51.274002', false),
        (42, 3, 'MP5906149', 86, '2023-02-28 14:03:51.452373', '2023-02-28 14:03:51.452373', false),
        (44, 5, 'MP8538404', 86, '2023-02-28 14:03:51.824646', '2023-02-28 14:03:51.824646', false),
        (45, 4, 'MP2193963', 72, '2023-02-28 14:03:52.008518', '2023-02-28 14:03:52.008518', false),
        (46, 1, 'MP4308660', 33, '2023-02-28 14:03:52.223702', '2023-02-28 14:03:52.223702', false),
        (48, 5, 'MP6630011', 84, '2023-02-28 14:03:52.592126', '2023-02-28 14:03:52.592126', false),
        (49, 4, 'MP1360347', 83, '2023-02-28 14:03:52.770020', '2023-02-28 14:03:52.770020', false),
        (52, 5, 'MP6571711', 28, '2023-02-28 14:03:53.349215', '2023-02-28 14:03:53.349215', false),
        (54, 4, 'MP2024010', 93, '2023-02-28 14:03:53.701183', '2023-02-28 14:03:53.701183', false),
        (55, 2, 'MP1859368', 77, '2023-02-28 14:04:08.055645', '2023-02-28 14:04:08.055645', false),
        (56, 2, 'MP7723060', 44, '2023-02-28 14:04:08.333409', '2023-02-28 14:04:08.333409', false),
        (57, 2, 'MP8875938', 29, '2023-02-28 14:04:08.608035', '2023-02-28 14:04:08.608035', false),
        (58, 4, 'MP2240957', 84, '2023-02-28 14:04:08.798770', '2023-02-28 14:04:08.798770', false),
        (59, 4, 'MP3511209', 57, '2023-02-28 14:04:09.156473', '2023-02-28 14:04:09.156473', false),
        (60, 1, 'MP2068777', 48, '2023-02-28 14:04:09.478692', '2023-02-28 14:04:09.478692', false),
        (63, 4, 'MP9777440', 88, '2023-02-28 14:04:10.383653', '2023-02-28 14:04:10.383653', false),
        (97, 4, 'MP1304021', 26, '2023-02-28 14:04:21.714139', '2023-02-28 14:04:21.714139', false),
        (109, 3, 'MP1383666', 96, '2023-02-28 14:04:56.144137', '2023-02-28 14:04:56.144137', false),
        (96, 1, 'MP1790943', 40, '2023-02-28 14:04:21.349533', '2023-02-28 14:04:21.349533', false),
        (88, 3, 'MP1110254', 47, '2023-02-28 14:04:18.551957', '2023-02-28 14:04:18.551957', false),
        (33, 1, 'MP2414359', 60, '2023-02-28 14:03:49.862734', '2023-02-28 14:03:49.862734', false),
        (98, 5, 'MP9312038', 56, '2023-02-28 14:04:22.073190', '2023-02-28 14:04:22.073190', false),
        (62, 4, 'MP4718276', 92, '2023-02-28 14:04:10.095813', '2023-02-28 14:04:10.095813', false),
        (76, 2, 'MP4817087', 89, '2023-02-28 14:04:14.566725', '2023-02-28 14:04:14.566725', false),
        (50, 2, 'MP7203670', 30, '2023-02-28 14:03:52.988311', '2023-02-28 14:03:52.988311', false),
        (26, 2, 'MP7736966', 32, '2023-02-28 14:03:14.180963', '2023-02-28 14:03:14.180963', false),
        (47, 2, 'MP5028925', 80, '2023-02-28 14:03:52.412211', '2023-02-28 14:03:52.412211', false),
        (32, 5, 'MP3796004', 99, '2023-02-28 14:03:49.695416', '2023-02-28 14:03:49.695416', false),
        (100, 4, 'MP2509634', 52, '2023-02-28 14:04:54.572060', '2023-02-28 14:04:54.572060', false),
        (105, 5, 'MP5828742', 61, '2023-02-28 14:04:55.449882', '2023-02-28 14:04:55.449882', false),
        (61, 3, 'MP1560259', 87, '2023-02-28 14:04:09.785250', '2023-02-28 14:04:09.785250', false),
        (43, 3, 'MP8566333', 67, '2023-02-28 14:03:51.643420', '2023-02-28 14:03:51.643420', false),
        (77, 3, 'MP3635645', 51, '2023-02-28 14:04:14.868858', '2023-02-28 14:04:14.868858', false),
        (71, 2, 'MP3713908', 64, '2023-02-28 14:04:12.900203', '2023-02-28 14:04:12.900203', false),
        (64, 2, 'MP8366593', 85, '2023-02-28 14:04:10.739888', '2023-02-28 14:04:10.739888', false),
        (65, 2, 'MP3728013', 100, '2023-02-28 14:04:11.060496', '2023-02-28 14:04:11.060496', false),
        (66, 4, 'MP9732479', 62, '2023-02-28 14:04:11.336117', '2023-02-28 14:04:11.336117', false),
        (68, 4, 'MP8951889', 46, '2023-02-28 14:04:11.928555', '2023-02-28 14:04:11.928555', false),
        (69, 4, 'MP4304365', 35, '2023-02-28 14:04:12.248893', '2023-02-28 14:04:12.248893', false),
        (70, 2, 'MP9340214', 68, '2023-02-28 14:04:12.569752', '2023-02-28 14:04:12.569752', false),
        (72, 2, 'MP6455800', 73, '2023-02-28 14:04:13.223923', '2023-02-28 14:04:13.223923', false),
        (74, 3, 'MP1401556', 58, '2023-02-28 14:04:13.896159', '2023-02-28 14:04:13.896159', false),
        (78, 4, 'MP8493981', 63, '2023-02-28 14:04:15.203259', '2023-02-28 14:04:15.203259', false),
        (79, 4, 'MP8742914', 55, '2023-02-28 14:04:15.566084', '2023-02-28 14:04:15.566084', false),
        (80, 1, 'MP7437946', 76, '2023-02-28 14:04:15.905548', '2023-02-28 14:04:15.905548', false),
        (81, 2, 'MP2629788', 42, '2023-02-28 14:04:16.210369', '2023-02-28 14:04:16.210369', false),
        (82, 1, 'MP7585709', 46, '2023-02-28 14:04:16.524444', '2023-02-28 14:04:16.524444', false),
        (83, 2, 'MP9165009', 31, '2023-02-28 14:04:16.862394', '2023-02-28 14:04:16.862394', false),
        (84, 4, 'MP1194740', 97, '2023-02-28 14:04:17.274189', '2023-02-28 14:04:17.274189', false),
        (85, 2, 'MP1362666', 50, '2023-02-28 14:04:17.577553', '2023-02-28 14:04:17.577553', false),
        (86, 4, 'MP2866549', 37, '2023-02-28 14:04:17.907960', '2023-02-28 14:04:17.907960', false),
        (87, 4, 'MP8117591', 38, '2023-02-28 14:04:18.223598', '2023-02-28 14:04:18.223598', false),
        (89, 4, 'MP9234241', 53, '2023-02-28 14:04:18.849180', '2023-02-28 14:04:18.849180', false),
        (90, 4, 'MP4119794', 83, '2023-02-28 14:04:19.179511', '2023-02-28 14:04:19.179511', false),
        (91, 2, 'MP9806498', 45, '2023-02-28 14:04:19.497339', '2023-02-28 14:04:19.497339', false),
        (92, 1, 'MP7441420', 49, '2023-02-28 14:04:19.838121', '2023-02-28 14:04:19.838121', false),
        (93, 3, 'MP9676630', 95, '2023-02-28 14:04:20.226561', '2023-02-28 14:04:20.226561', false),
        (53, 1, 'MP3921662', 25, '2023-02-28 14:03:53.528189', '2023-02-28 14:03:53.528189', false),
        (67, 1, 'MP8016536', 27, '2023-02-28 14:04:11.654465', '2023-02-28 14:04:11.654465', false),
        (75, 1, 'MP1436934', 24, '2023-02-28 14:04:14.239850', '2023-02-28 14:04:14.239850', false),
        (35, 5, 'MP3214597', 41, '2023-02-28 14:03:50.234074', '2023-02-28 14:03:50.234074', false),
        (38, 4, 'MP2387400', 75, '2023-02-28 14:03:50.732749', '2023-02-28 14:03:50.732749', false),
        (73, 3, 'MP5161935', 54, '2023-02-28 14:04:13.557352', '2023-02-28 14:04:13.557352', false),
        (94, 2, 'MP1128984', 70, '2023-02-28 14:04:20.617397', '2023-02-28 14:04:20.617397', false),
        (95, 2, 'MP6531703', 71, '2023-02-28 14:04:20.940258', '2023-02-28 14:04:20.940258', false),
        (99, 3, 'MP9034049', 49, '2023-02-28 14:04:22.376911', '2023-02-28 14:04:22.376911', false),
        (101, 2, 'MP9967716', 66, '2023-02-28 14:04:54.760679', '2023-02-28 14:04:54.760679', false),
        (102, 2, 'MP9241205', 78, '2023-02-28 14:04:54.932640', '2023-02-28 14:04:54.932640', false),
        (103, 5, 'MP6486465', 34, '2023-02-28 14:04:55.125082', '2023-02-28 14:04:55.125082', false),
        (104, 4, 'MP7530182', 90, '2023-02-28 14:04:55.276095', '2023-02-28 14:04:55.276095', false),
        (106, 4, 'MP7881100', 69, '2023-02-28 14:04:55.628731', '2023-02-28 14:04:55.628731', false),
        (107, 2, 'MP6271477', 43, '2023-02-28 14:04:55.799724', '2023-02-28 14:04:55.799724', false),
        (108, 3, 'MP9845282', 97, '2023-02-28 14:04:55.967123', '2023-02-28 14:04:55.967123', false),
        (110, 5, 'MP9407767', 81, '2023-02-28 14:04:56.315061', '2023-02-28 14:04:56.315061', false),
        (111, 1, 'MP5035463', 65, '2023-02-28 14:04:56.487613', '2023-02-28 14:04:56.487613', false),
        (112, 3, 'MP4754339', 68, '2023-02-28 14:04:56.674957', '2023-02-28 14:04:56.674957', false),
        (113, 3, 'MP5339965', 83, '2023-02-28 14:04:56.868279', '2023-02-28 14:04:56.868279', false),
        (114, 3, 'MP6777857', 91, '2023-02-28 14:04:57.065737', '2023-02-28 14:04:57.065737', false),
        (115, 2, 'MP8544889', 74, '2023-02-28 14:04:57.253634', '2023-02-28 14:04:57.253634', false),
        (116, 4, 'MP6366264', 48, '2023-02-28 14:04:57.451183', '2023-02-28 14:04:57.451183', false),
        (117, 3, 'MP3199585', 36, '2023-02-28 14:04:57.669429', '2023-02-28 14:04:57.669429', false),
        (51, 2, 'MP2683606', 59, '2023-02-28 14:03:53.171823', '2023-02-28 14:03:53.171823', false),
        (29, 5, 'MP4629884', 79, '2023-02-28 14:03:42.458020', '2023-02-28 14:03:42.458020', false),
        (1, 1, 'MS2643378', 1, '2023-02-23 13:24:33.000000', '2023-02-23 13:24:33.000000', false),
        (118, 5, 'MS2643377', 5, '2023-05-07 01:50:35.606939', '2023-05-07 01:50:35.606939', false);
